Motif Name,Consensus,P-value,Log P-value,q-value (Benjamini),# of Target Sequences with Motif(of 2103),% of Target Sequences with Motif,# of Background Sequences with Motif(of 17807),% of Background Sequences with Motif
Bapx1(Homeobox)/VertebralCol-Bapx1-ChIP-Seq(GSE36672)/Homer,TTRAGTGSYK,1.00E-03,-8.12E+00,0.1304,365,17.36%,2605.1,14.63%
ZNF675(Zf)/HEK293-ZNF675.GFP-ChIP-Seq(GSE58341)/Homer,ARGAGGMCAAAATGW,1.00E-02,-6.65E+00,0.2846,23,1.09%,95.8,0.54%
ZNF652/HepG2-ZNF652.Flag-ChIP-Seq(Encode)/Homer,TTAACCCTTTVNKKN,1.00E-02,-6.64E+00,0.2846,36,1.71%,175.4,0.99%
"OCT:OCT(POU,Homeobox,IR1)/NPC-Brn2-ChIP-Seq(GSE35496)/Homer",ATGAATWATTCATGA,1.00E-02,-5.76E+00,0.3482,4,0.19%,5.7,0.03%
YY1(Zf)/Promoter/Homer,CAAGATGGCGGC,1.00E-02,-5.26E+00,0.4577,95,4.52%,612.4,3.44%
"GFY-Staf(?,Zf)/Promoter/Homer",RACTACAATTCCCAGAAKGC,1.00E-02,-5.18E+00,0.4577,88,4.19%,562.8,3.16%
Tcf3(HMG)/mES-Tcf3-ChIP-Seq(GSE11724)/Homer,ASWTCAAAGG,1.00E-02,-4.80E+00,0.516,32,1.52%,170.9,0.96%
NFAT(RHD)/Jurkat-NFATC1-ChIP-Seq(Jolma_et_al.)/Homer,ATTTTCCATT,1.00E-01,-4.41E+00,0.6657,102,4.85%,686.8,3.86%
bHLHE40(bHLH)/HepG2-BHLHE40-ChIP-Seq(GSE31477)/Homer,KCACGTGMCN,1.00E-01,-4.32E+00,0.6657,141,6.71%,988.4,5.55%
Sox4(HMG)/proB-Sox4-ChIP-Seq(GSE50066)/Homer,YCTTTGTTCC,1.00E-01,-4.16E+00,0.6881,111,5.28%,762.6,4.28%
Ronin(THAP)/ES-Thap11-ChIP-Seq(GSE51522)/Homer,RACTACAACTCCCAGVAKGC,1.00E-01,-4.12E+00,0.6881,80,3.81%,528.4,2.97%
MNT(bHLH)/HepG2-MNT-ChIP-Seq(Encode)/Homer,DGCACACGTG,1.00E-01,-3.78E+00,0.8409,192,9.13%,1409.5,7.92%
Nkx2.2(Homeobox)/NPC-Nkx2.2-ChIP-Seq(GSE61673)/Homer,BTBRAGTGSN,1.00E-01,-3.67E+00,0.8649,371,17.65%,2857.6,16.05%
Egr2(Zf)/Thymocytes-Egr2-ChIP-Seq(GSE34254)/Homer,NGCGTGGGCGGR,1.00E-01,-3.54E+00,0.9089,140,6.66%,1008.8,5.67%
p53(p53)/Saos-p53-ChIP-Seq(GSE15780)/Homer,RRCATGYCYRGRCATGYYYN,1.00E-01,-3.40E+00,0.9153,15,0.71%,74.4,0.42%
p53(p53)/Saos-p53-ChIP-Seq/Homer,RRCATGYCYRGRCATGYYYN,1.00E-01,-3.40E+00,0.9153,15,0.71%,74.4,0.42%
"Tbox:Smad(T-box,MAD)/ESCd5-Smad2_3-ChIP-Seq(GSE29422)/Homer",AGGTGHCAGACA,1.00E-01,-3.39E+00,0.9153,34,1.62%,205.8,1.16%
NRF(NRF)/Promoter/Homer,STGCGCATGCGC,1.00E-01,-3.30E+00,0.9153,245,11.66%,1856.6,10.43%
RARg(NR)/ES-RARg-ChIP-Seq(GSE30538)/Homer,AGGTCAAGGTCA,1.00E-01,-3.20E+00,0.9399,6,0.29%,21.6,0.12%
Nkx2.5(Homeobox)/HL1-Nkx2.5.biotin-ChIP-Seq(GSE21529)/Homer,RRSCACTYAA,1.00E-01,-3.17E+00,0.9399,359,17.08%,2790.5,15.68%
Hoxd12(Homeobox)/ChickenMSG-Hoxd12.Flag-ChIP-Seq(GSE86088)/Homer,HDGYAATGAAAN,1.00E-01,-3.14E+00,0.9399,159,7.56%,1175.3,6.60%
PRDM10(Zf)/HEK293-PRDM10.eGFP-ChIP-Seq(Encode)/Homer,TGGTACATTCCA,1.00E-01,-3.07E+00,0.9399,98,4.66%,697.9,3.92%
Hoxd11(Homeobox)/ChickenMSG-Hoxd11.Flag-ChIP-Seq(GSE86088)/Homer,VGCCATAAAA,1.00E-01,-2.95E+00,1,281,13.37%,2168.6,12.18%
GFY(?)/Promoter/Homer,ACTACAATTCCC,1.00E-01,-2.89E+00,1,76,3.62%,532.4,2.99%
Sox15(HMG)/CPA-Sox15-ChIP-Seq(GSE62909)/Homer,RAACAATGGN,1.00E-01,-2.88E+00,1,119,5.66%,869.7,4.89%
GLIS3(Zf)/Thyroid-Glis3.GFP-ChIP-Seq(GSE103297)/Homer,CTCCCTGGGAGGCCN,1.00E-01,-2.79E+00,1,480,22.84%,3814.2,21.43%
Pit1+1bp(Homeobox)/GCrat-Pit1-ChIP-Seq(GSE58009)/Homer,ATGCATAATTCA,1.00E-01,-2.68E+00,1,20,0.95%,117.4,0.66%
Sox10(HMG)/SciaticNerve-Sox3-ChIP-Seq(GSE35132)/Homer,CCWTTGTYYB,1.00E-01,-2.65E+00,1,208,9.90%,1593.3,8.95%
Bach2(bZIP)/OCILy7-Bach2-ChIP-Seq(GSE44420)/Homer,TGCTGAGTCA,1.00E-01,-2.59E+00,1,30,1.43%,191.8,1.08%
Esrrb(NR)/mES-Esrrb-ChIP-Seq(GSE11431)/Homer,KTGACCTTGA,1.00E-01,-2.56E+00,1,82,3.90%,590.3,3.32%
USF1(bHLH)/GM12878-Usf1-ChIP-Seq(GSE32465)/Homer,SGTCACGTGR,1.00E-01,-2.56E+00,1,168,7.99%,1275.2,7.16%
"GATA(Zf),IR4/iTreg-Gata3-ChIP-Seq(GSE20898)/Homer",NAGATWNBNATCTNN,1.00E-01,-2.55E+00,1,7,0.33%,31.5,0.18%
ERRg(NR)/Kidney-ESRRG-ChIP-Seq(GSE104905)/Homer,GTGACCTTGRVN,1.00E-01,-2.50E+00,1,119,5.66%,885.9,4.98%
NFY(CCAAT)/Promoter/Homer,RGCCAATSRG,1.00E-01,-2.49E+00,1,401,19.08%,3185.5,17.89%
Meis1(Homeobox)/MastCells-Meis1-ChIP-Seq(GSE48085)/Homer,VGCTGWCAVB,1.00E-01,-2.46E+00,1,308,14.65%,2421.8,13.60%
NRF1(NRF)/MCF7-NRF1-ChIP-Seq(Unpublished)/Homer,CTGCGCATGCGC,1.00E-01,-2.31E+00,1,244,11.61%,1907.5,10.72%
PU.1:IRF8(ETS:IRF)/pDC-Irf8-ChIP-Seq(GSE66899)/Homer,GGAAGTGAAAST,1.00E+00,-2.28E+00,1,38,1.81%,259,1.45%
Tbx20(T-box)/Heart-Tbx20-ChIP-Seq(GSE29636)/Homer,GGTGYTGACAGS,1.00E+00,-2.28E+00,1,38,1.81%,258.7,1.45%
CLOCK(bHLH)/Liver-Clock-ChIP-Seq(GSE39860)/Homer,GHCACGTG,1.00E+00,-2.24E+00,1,174,8.28%,1341.9,7.54%
Arnt:Ahr(bHLH)/MCF7-Arnt-ChIP-Seq(Lo_et_al.)/Homer,TBGCACGCAA,1.00E+00,-2.22E+00,1,210,9.99%,1635.8,9.19%
Hand2(bHLH)/Mesoderm-Hand2-ChIP-Seq(GSE61475)/Homer,TGACANARRCCAGRC,1.00E+00,-2.20E+00,1,68,3.24%,494,2.78%
"GRE(NR),IR3/A549-GR-ChIP-Seq(GSE32465)/Homer",NRGVACABNVTGTYCY,1.00E+00,-2.18E+00,1,19,0.90%,118.2,0.66%
ZNF16(Zf)/HEK293-ZNF16.GFP-ChIP-Seq(GSE58341)/Homer,MACCTTCYATGGCTCCCTAKTGCCY,1.00E+00,-2.15E+00,1,3,0.14%,10.3,0.06%
"Brn1(POU,Homeobox)/NPC-Brn1-ChIP-Seq(GSE35496)/Homer",TATGCWAATBAV,1.00E+00,-2.14E+00,1,34,1.62%,232,1.30%
NPAS(bHLH)/Liver-NPAS-ChIP-Seq(GSE39860)/Homer,NVCACGTG,1.00E+00,-2.13E+00,1,278,13.23%,2199.5,12.36%
c-Myc(bHLH)/LNCAP-cMyc-ChIP-Seq(Unpublished)/Homer,VCCACGTG,1.00E+00,-2.12E+00,1,224,10.66%,1757,9.87%
ZSCAN22(Zf)/HEK293-ZSCAN22.GFP-ChIP-Seq(GSE58341)/Homer,SMCAGTCWGAKGGAGGAGGC,1.00E+00,-2.05E+00,1,25,1.19%,165.6,0.93%
"GATA(Zf),IR3/iTreg-Gata3-ChIP-Seq(GSE20898)/Homer",NNNNNBAGATAWYATCTVHN,1.00E+00,-2.03E+00,1,12,0.57%,70.3,0.39%
Nr5a2(NR)/mES-Nr5a2-ChIP-Seq(GSE19019)/Homer,BTCAAGGTCA,1.00E+00,-2.00E+00,1,78,3.71%,580.6,3.26%
Atf4(bZIP)/MEF-Atf4-ChIP-Seq(GSE35681)/Homer,MTGATGCAAT,1.00E+00,-1.98E+00,1,35,1.67%,243.3,1.37%
ZKSCAN1(Zf)/HepG2-ZKSCAN1-ChIP-Seq(Encode)/Homer,GCACAYAGTAGGKCY,1.00E+00,-1.97E+00,1,5,0.24%,23.8,0.13%
Nkx2.1(Homeobox)/LungAC-Nkx2.1-ChIP-Seq(GSE43252)/Homer,RSCACTYRAG,1.00E+00,-1.94E+00,1,471,22.41%,3815.9,21.44%
Hnf1(Homeobox)/Liver-Foxa2-Chip-Seq(GSE25694)/Homer,GGTTAAWCATTAA,1.00E+00,-1.92E+00,1,14,0.67%,86.2,0.48%
Rfx6(HTH)/Min6b1-Rfx6.HA-ChIP-Seq(GSE62844)/Homer,TGTTKCCTAGCAACM,1.00E+00,-1.91E+00,1,282,13.42%,2249.6,12.64%
Tgif1(Homeobox)/mES-Tgif1-ChIP-Seq(GSE55404)/Homer,YTGWCADY,1.00E+00,-1.91E+00,1,431,20.50%,3485.6,19.58%
Sox9(HMG)/Limb-SOX9-ChIP-Seq(GSE73225)/Homer,AGGVNCCTTTGT,1.00E+00,-1.88E+00,1,100,4.76%,762.9,4.29%
"ETS:E-box(ETS,bHLH)/HPC7-Scl-ChIP-Seq(GSE22178)/Homer",AGGAARCAGCTG,1.00E+00,-1.88E+00,1,15,0.71%,94.3,0.53%
Hoxa10(Homeobox)/ChickenMSG-Hoxa10.Flag-ChIP-Seq(GSE86088)/Homer,GGYAATGAAA,1.00E+00,-1.88E+00,1,50,2.38%,363.4,2.04%
ZNF467(Zf)/HEK293-ZNF467.GFP-ChIP-Seq(GSE58341)/Homer,TGGGGAAGGGCM,1.00E+00,-1.86E+00,1,304,14.46%,2435.9,13.68%
BMYB(HTH)/Hela-BMYB-ChIP-Seq(GSE27030)/Homer,NHAACBGYYV,1.00E+00,-1.86E+00,1,284,13.51%,2270.5,12.75%
"RAR:RXR(NR),DR5/ES-RAR-ChIP-Seq(GSE56893)/Homer",RGGTCADNNAGAGGTCAV,1.00E+00,-1.85E+00,1,5,0.24%,24.6,0.14%
"Oct6(POU,Homeobox)/NPC-Pou3f1-ChIP-Seq(GSE35496)/Homer",WATGCAAATGAG,1.00E+00,-1.81E+00,1,38,1.81%,271.9,1.53%
Sp5(Zf)/mES-Sp5.Flag-ChIP-Seq(GSE72989)/Homer,RGKGGGCGGAGC,1.00E+00,-1.79E+00,1,938,44.62%,7754.7,43.56%
"OCT:OCT(POU,Homeobox)/NPC-Brn1-ChIP-Seq(GSE35496)/Homer",ATGAATATTCATGAG,1.00E+00,-1.77E+00,1,3,0.14%,12.6,0.07%
p53(p53)/mES-cMyc-ChIP-Seq(GSE11431)/Homer,ACATGCCCGGGCAT,1.00E+00,-1.73E+00,1,5,0.24%,25.7,0.14%
MITF(bHLH)/MastCells-MITF-ChIP-Seq(GSE48085)/Homer,RTCATGTGAC,1.00E+00,-1.72E+00,1,226,10.75%,1802.6,10.13%
Usf2(bHLH)/C2C12-Usf2-ChIP-Seq(GSE36030)/Homer,GTCACGTGGT,1.00E+00,-1.68E+00,1,120,5.71%,935.9,5.26%
ZBTB12(Zf)/HEK293-ZBTB12.GFP-ChIP-Seq(GSE58341)/Homer,NGNTCTAGAACCNGV,1.00E+00,-1.65E+00,1,78,3.71%,596,3.35%
PRDM14(Zf)/H1-PRDM14-ChIP-Seq(GSE22767)/Homer,RGGTCTCTAACY,1.00E+00,-1.64E+00,1,42,2.00%,308.7,1.73%
TEAD1(TEAD)/HepG2-TEAD1-ChIP-Seq(Encode)/Homer,CYRCATTCCA,1.00E+00,-1.64E+00,1,122,5.80%,954.8,5.36%
Egr1(Zf)/K562-Egr1-ChIP-Seq(GSE32465)/Homer,TGCGTGGGYG,1.00E+00,-1.60E+00,1,332,15.79%,2692.6,15.13%
Pbx3(Homeobox)/GM12878-PBX3-ChIP-Seq(GSE32465)/Homer,SCTGTCAMTCAN,1.00E+00,-1.59E+00,1,63,3.00%,478.7,2.69%
"Pax7(Paired,Homeobox),long/Myoblast-Pax7-ChIP-Seq(GSE25064)/Homer",TAATCHGATTAC,1.00E+00,-1.56E+00,1,1,0.05%,2.9,0.02%
Hoxa11(Homeobox)/ChickenMSG-Hoxa11.Flag-ChIP-Seq(GSE86088)/Homer,TTTTATGGCM,1.00E+00,-1.56E+00,1,248,11.80%,1998.3,11.23%
REST-NRSF(Zf)/Jurkat-NRSF-ChIP-Seq/Homer,GGMGCTGTCCATGGTGCTGA,1.00E+00,-1.55E+00,1,4,0.19%,20.3,0.11%
PBX1(Homeobox)/MCF7-PBX1-ChIP-Seq(GSE28007)/Homer,GSCTGTCACTCA,1.00E+00,-1.53E+00,1,24,1.14%,170,0.96%
LEF1(HMG)/H1-LEF1-ChIP-Seq(GSE64758)/Homer,CCTTTGATST,1.00E+00,-1.50E+00,1,66,3.14%,506.9,2.85%
Max(bHLH)/K562-Max-ChIP-Seq(GSE31477)/Homer,RCCACGTGGYYN,1.00E+00,-1.49E+00,1,157,7.47%,1251.3,7.03%
Sox7(HMG)/ESC-Sox7-ChIP-Seq(GSE133899)/Homer,VVRRAACAATGG,1.00E+00,-1.49E+00,1,35,1.67%,259,1.45%
TEAD(TEA)/Fibroblast-PU.1-ChIP-Seq(Unpublished)/Homer,YCWGGAATGY,1.00E+00,-1.48E+00,1,66,3.14%,507.4,2.85%
E2F7(E2F)/Hela-E2F7-ChIP-Seq(GSE32673)/Homer,VDTTTCCCGCCA,1.00E+00,-1.47E+00,1,91,4.33%,711.9,4.00%
FOXM1(Forkhead)/MCF7-FOXM1-ChIP-Seq(GSE72977)/Homer,TRTTTACTTW,1.00E+00,-1.46E+00,1,76,3.62%,590,3.31%
Duxbl(Homeobox)/NIH3T3-Duxbl.HA-ChIP-Seq(GSE119782)/Homer,TAAYCYAATCAA,1.00E+00,-1.46E+00,1,7,0.33%,42.5,0.24%
"ETS:RUNX(ETS,Runt)/Jurkat-RUNX1-ChIP-Seq(GSE17954)/Homer",RCAGGATGTGGT,1.00E+00,-1.41E+00,1,50,2.38%,381.7,2.14%
GLI3(Zf)/Limb-GLI3-ChIP-Chip(GSE11077)/Homer,CGTGGGTGGTCC,1.00E+00,-1.38E+00,1,26,1.24%,190.2,1.07%
IRF8(IRF)/BMDM-IRF8-ChIP-Seq(GSE77884)/Homer,GRAASTGAAAST,1.00E+00,-1.36E+00,1,78,3.71%,611.9,3.44%
Slug(Zf)/Mesoderm-Snai2-ChIP-Seq(GSE61475)/Homer,SNGCACCTGCHS,1.00E+00,-1.35E+00,1,107,5.09%,849.1,4.77%
MYB(HTH)/ERMYB-Myb-ChIPSeq(GSE22095)/Homer,GGCVGTTR,1.00E+00,-1.33E+00,1,380,18.08%,3121.6,17.54%
Chop(bZIP)/MEF-Chop-ChIP-Seq(GSE35681)/Homer,ATTGCATCAT,1.00E+00,-1.32E+00,1,23,1.09%,168.3,0.95%
"Brn2(POU,Homeobox)/NPC-Brn2-ChIP-Seq(GSE35496)/Homer",ATGAATATTC,1.00E+00,-1.32E+00,1,7,0.33%,44.9,0.25%
Sox21(HMG)/ESC-SOX21-ChIP-Seq(GSE110505)/Homer,BCCWTTGTBYKV,1.00E+00,-1.31E+00,1,206,9.80%,1672.4,9.39%
MafB(bZIP)/BMM-Mafb-ChIP-Seq(GSE75722)/Homer,WNTGCTGASTCAGCANWTTY,1.00E+00,-1.30E+00,1,42,2.00%,321.3,1.80%
Hoxd10(Homeobox)/ChickenMSG-Hoxd10.Flag-ChIP-Seq(GSE86088)/Homer,GGCMATGAAA,1.00E+00,-1.26E+00,1,121,5.76%,971.6,5.46%
ZNF41(Zf)/HEK293-ZNF41.GFP-ChIP-Seq(GSE58341)/Homer,CCTCATGGTGYCYTWYTCCCTTGTG,1.00E+00,-1.24E+00,1,4,0.19%,23.5,0.13%
FoxD3(forkhead)/ZebrafishEmbryo-Foxd3.biotin-ChIP-seq(GSE106676)/Homer,TGTTTAYTTAGC,1.00E+00,-1.24E+00,1,64,3.04%,503.9,2.83%
Nr5a2(NR)/Pancreas-LRH1-ChIP-Seq(GSE34295)/Homer,BTCAAGGTCA,1.00E+00,-1.23E+00,1,94,4.47%,750.2,4.21%
"OCT:OCT(POU,Homeobox)/NPC-OCT6-ChIP-Seq(GSE43916)/Homer",YATGCATATRCATRT,1.00E+00,-1.23E+00,1,3,0.14%,16.7,0.09%
"NF1:FOXA1(CTF,Forkhead)/LNCAP-FOXA1-ChIP-Seq(GSE27824)/Homer",WNTGTTTRYTTTGGCA,1.00E+00,-1.19E+00,1,5,0.24%,31.4,0.18%
Elk4(ETS)/Hela-Elk4-ChIP-Seq(GSE31477)/Homer,NRYTTCCGGY,1.00E+00,-1.18E+00,1,457,21.74%,3786.1,21.27%
PRDM15(Zf)/ESC-Prdm15-ChIP-Seq(GSE73694)/Homer,YCCDNTCCAGGTTTT,1.00E+00,-1.18E+00,1,192,9.13%,1567.5,8.81%
Nkx6.1(Homeobox)/Islet-Nkx6.1-ChIP-Seq(GSE40975)/Homer,GKTAATGR,1.00E+00,-1.18E+00,1,206,9.80%,1684.1,9.46%
Tbr1(T-box)/Cortex-Tbr1-ChIP-Seq(GSE71384)/Homer,AAGGTGTKAA,1.00E+00,-1.17E+00,1,146,6.95%,1185.9,6.66%
CEBP:AP1(bZIP)/ThioMac-CEBPb-ChIP-Seq(GSE21512)/Homer,DRTGTTGCAA,1.00E+00,-1.16E+00,1,80,3.81%,639.5,3.59%
MafA(bZIP)/Islet-MafA-ChIP-Seq(GSE30298)/Homer,TGCTGACTCA,1.00E+00,-1.16E+00,1,140,6.66%,1136.9,6.39%
"Reverb(NR),DR2/RAW-Reverba.biotin-ChIP-Seq(GSE45914)/Homer",GTRGGTCASTGGGTCA,1.00E+00,-1.16E+00,1,18,0.86%,133.9,0.75%
SF1(NR)/H295R-Nr5a1-ChIP-Seq(GSE44220)/Homer,CAAGGHCANV,1.00E+00,-1.15E+00,1,56,2.66%,442.5,2.49%
E2F3(E2F)/MEF-E2F3-ChIP-Seq(GSE71376)/Homer,BTKGGCGGGAAA,1.00E+00,-1.15E+00,1,381,18.13%,3153.4,17.71%
Olig2(bHLH)/Neuron-Olig2-ChIP-Seq(GSE30882)/Homer,RCCATMTGTT,1.00E+00,-1.14E+00,1,268,12.75%,2206.3,12.39%
p73(p53)/Trachea-p73-ChIP-Seq(PRJNA310161)/Homer,NRRRCAWGTCCDGRCATGYY,1.00E+00,-1.13E+00,1,7,0.33%,47,0.26%
Nkx3.1(Homeobox)/LNCaP-Nkx3.1-ChIP-Seq(GSE28264)/Homer,AAGCACTTAA,1.00E+00,-1.13E+00,1,355,16.89%,2937.8,16.50%
Maz(Zf)/HepG2-Maz-ChIP-Seq(GSE31477)/Homer,GGGGGGGG,1.00E+00,-1.12E+00,1,801,38.11%,6694.7,37.61%
p63(p53)/Keratinocyte-p63-ChIP-Seq(GSE17611)/Homer,NNDRCATGYCYNRRCATGYH,1.00E+00,-1.12E+00,1,48,2.28%,379,2.13%
LRF(Zf)/Erythroblasts-ZBTB7A-ChIP-Seq(GSE74977)/Homer,AAGACCCYYN,1.00E+00,-1.12E+00,1,500,23.79%,4158,23.36%
bHLHE41(bHLH)/proB-Bhlhe41-ChIP-Seq(GSE93764)/Homer,KCACGTGMCN,1.00E+00,-1.07E+00,1,418,19.89%,3474.5,19.52%
Zfp809(Zf)/ES-Zfp809-ChIP-Seq(GSE70799)/Homer,GGGGCTYGKCTGGGA,1.00E+00,-1.07E+00,1,68,3.24%,546.9,3.07%
Pknox1(Homeobox)/ES-Prep1-ChIP-Seq(GSE63282)/Homer,SCTGTCAVTCAV,1.00E+00,-1.06E+00,1,64,3.04%,513,2.88%
ZNF711(Zf)/SHSY5Y-ZNF711-ChIP-Seq(GSE20673)/Homer,AGGCCTAG,1.00E+00,-1.06E+00,1,569,27.07%,4748,26.67%
BORIS(Zf)/K562-CTCFL-ChIP-Seq(GSE32465)/Homer,CNNBRGCGCCCCCTGSTGGC,1.00E+00,-1.05E+00,1,112,5.33%,912.8,5.13%
CREB5(bZIP)/LNCaP-CREB5.V5-ChIP-Seq(GSE137775)/Homer,VVATGACGTCAT,1.00E+00,-1.05E+00,1,113,5.38%,921,5.17%
Klf4(Zf)/mES-Klf4-ChIP-Seq(GSE11431)/Homer,GCCACACCCA,1.00E+00,-1.04E+00,1,287,13.65%,2377.6,13.36%
EKLF(Zf)/Erythrocyte-Klf1-ChIP-Seq(GSE20478)/Homer,NWGGGTGTGGCY,1.00E+00,-1.04E+00,1,79,3.76%,639.4,3.59%
Lhx1(Homeobox)/EmbryoCarcinoma-Lhx1-ChIP-Seq(GSE70957)/Homer,NNYTAATTAR,1.00E+00,-1.03E+00,1,80,3.81%,648.9,3.64%
BMAL1(bHLH)/Liver-Bmal1-ChIP-Seq(GSE39860)/Homer,GNCACGTG,1.00E+00,-1.03E+00,1,299,14.22%,2480,13.93%
EBF(EBF)/proBcell-EBF-ChIP-Seq(GSE21978)/Homer,DGTCCCYRGGGA,1.00E+00,-1.00E+00,1,43,2.05%,343.3,1.93%
Srebp2(bHLH)/HepG2-Srebp2-ChIP-Seq(GSE31477)/Homer,CGGTCACSCCAC,1.00E+00,-1.00E+00,1,25,1.19%,196,1.10%
TEAD3(TEA)/HepG2-TEAD3-ChIP-Seq(Encode)/Homer,TRCATTCCAG,1.00E+00,-9.82E-01,1,132,6.28%,1085.4,6.10%
Rfx5(HTH)/GM12878-Rfx5-ChIP-Seq(GSE31477)/Homer,SCCTAGCAACAG,1.00E+00,-9.79E-01,1,100,4.76%,818.1,4.60%
WT1(Zf)/Kidney-WT1-ChIP-Seq(GSE90016)/Homer,MCTCCCMCRCAB,1.00E+00,-9.44E-01,1,248,11.80%,2062.7,11.59%
AMYB(HTH)/Testes-AMYB-ChIP-Seq(GSE44588)/Homer,TGGCAGTTGG,1.00E+00,-9.43E-01,1,294,13.99%,2449.3,13.76%
Sox3(HMG)/NPC-Sox3-ChIP-Seq(GSE33059)/Homer,CCWTTGTY,1.00E+00,-9.35E-01,1,193,9.18%,1601.9,9.00%
Bcl11a(Zf)/HSPC-BCL11A-ChIP-Seq(GSE104676)/Homer,TYTGACCASWRG,1.00E+00,-9.29E-01,1,108,5.14%,889.5,5.00%
"GRE(NR),IR3/RAW264.7-GRE-ChIP-Seq(Unpublished)/Homer",VAGRACAKWCTGTYC,1.00E+00,-9.27E-01,1,25,1.19%,198.3,1.11%
ZNF136(Zf)/HEK293-ZNF136.GFP-ChIP-Seq(GSE58341)/Homer,YTKGATAHAGTATTCTWGGTNGGCA,1.00E+00,-9.22E-01,1,6,0.29%,43.7,0.25%
Sox17(HMG)/Endoderm-Sox17-ChIP-Seq(GSE61475)/Homer,CCATTGTTYB,1.00E+00,-9.14E-01,1,71,3.38%,581.2,3.26%
NPAS2(bHLH)/Liver-NPAS2-ChIP-Seq(GSE39860)/Homer,KCCACGTGAC,1.00E+00,-9.08E-01,1,215,10.23%,1789.9,10.05%
Snail1(Zf)/LS174T-SNAIL1.HA-ChIP-Seq(GSE127183)/Homer,TRCACCTGCY,1.00E+00,-9.02E-01,1,156,7.42%,1294.8,7.27%
n-Myc(bHLH)/mES-nMyc-ChIP-Seq(GSE11431)/Homer,VRCCACGTGG,1.00E+00,-8.81E-01,1,185,8.80%,1540.8,8.66%
Phox2b(Homeobox)/CLBGA-PHOX2B-ChIP-Seq(GSE90683)/Homer,TTAATTNAATTA,1.00E+00,-8.76E-01,1,7,0.33%,52.7,0.30%
Sox2(HMG)/mES-Sox2-ChIP-Seq(GSE11431)/Homer,BCCATTGTTC,1.00E+00,-8.49E-01,1,95,4.52%,787.7,4.42%
FOXK1(Forkhead)/HEK293-FOXK1-ChIP-Seq(GSE51673)/Homer,NVWTGTTTAC,1.00E+00,-8.38E-01,1,85,4.04%,704.8,3.96%
Tgif2(Homeobox)/mES-Tgif2-ChIP-Seq(GSE55404)/Homer,TGTCANYT,1.00E+00,-8.27E-01,1,467,22.22%,3926,22.05%
E2F(E2F)/Hela-CellCycle-Expression/Homer,TTSGCGCGAAAA,1.00E+00,-8.25E-01,1,38,1.81%,311.6,1.75%
"GATA3(Zf),DR4/iTreg-Gata3-ChIP-Seq(GSE20898)/Homer",AGATGKDGAGATAAG,1.00E+00,-8.23E-01,1,6,0.29%,45.1,0.25%
Sox6(HMG)/Myotubes-Sox6-ChIP-Seq(GSE32627)/Homer,CCATTGTTNY,1.00E+00,-8.15E-01,1,162,7.71%,1354.5,7.61%
Zac1(Zf)/Neuro2A-Plagl1-ChIP-Seq(GSE75942)/Homer,HAWGRGGCCM,1.00E+00,-8.03E-01,1,627,29.83%,5283.7,29.68%
LHX9(Homeobox)/Hct116-LHX9.V5-ChIP-Seq(GSE116822)/Homer,NGCTAATTAG,1.00E+00,-8.03E-01,1,154,7.33%,1289,7.24%
Mef2d(MADS)/Retina-Mef2d-ChIP-Seq(GSE61391)/Homer,GCTATTTTTAGC,1.00E+00,-7.95E-01,1,17,0.81%,138,0.78%
NeuroD1(bHLH)/Islet-NeuroD1-ChIP-Seq(GSE30298)/Homer,GCCATCTGTT,1.00E+00,-7.93E-01,1,121,5.76%,1011.6,5.68%
ARE(NR)/LNCAP-AR-ChIP-Seq(GSE27824)/Homer,RGRACASNSTGTYCYB,1.00E+00,-7.81E-01,1,29,1.38%,238.4,1.34%
KLF14(Zf)/HEK293-KLF14.GFP-ChIP-Seq(GSE58341)/Homer,RGKGGGCGKGGC,1.00E+00,-7.79E-01,1,1106,52.62%,9343,52.48%
ZNF768(Zf)/Rajj-ZNF768-ChIP-Seq(GSE111879)/Homer,RHHCAGAGAGGB,1.00E+00,-7.78E-01,1,6,0.29%,46.7,0.26%
Sp1(Zf)/Promoter/Homer,GGCCCCGCCCCC,1.00E+00,-7.78E-01,1,546,25.98%,4603.6,25.86%
ZNF165(Zf)/WHIM12-ZNF165-ChIP-Seq(GSE65937)/Homer,AAGGKGRCGCAGGCA,1.00E+00,-7.73E-01,1,38,1.81%,314.5,1.77%
c-Jun-CRE(bZIP)/K562-cJun-ChIP-Seq(GSE31477)/Homer,ATGACGTCATCY,1.00E+00,-7.66E-01,1,110,5.23%,921.2,5.17%
TFE3(bHLH)/MEF-TFE3-ChIP-Seq(GSE75757)/Homer,GTCACGTGACYV,1.00E+00,-7.62E-01,1,58,2.76%,484,2.72%
Foxh1(Forkhead)/hESC-FOXH1-ChIP-Seq(GSE29422)/Homer,NNTGTGGATTSS,1.00E+00,-7.43E-01,1,57,2.71%,476.1,2.67%
X-box(HTH)/NPC-H3K4me1-ChIP-Seq(GSE16256)/Homer,GGTTGCCATGGCAA,1.00E+00,-7.40E-01,1,45,2.14%,375.8,2.11%
Erra(NR)/HepG2-Erra-ChIP-Seq(GSE31477)/Homer,CAAAGGTCAG,1.00E+00,-7.35E-01,1,358,17.03%,3021.3,16.97%
Gata1(Zf)/K562-GATA1-ChIP-Seq(GSE18829)/Homer,SAGATAAGRV,1.00E+00,-7.30E-01,1,48,2.28%,402,2.26%
Barx1(Homeobox)/Stomach-Barx1.3xFlag-ChIP-Seq(GSE69483)/Homer,AAACMATTAN,1.00E+00,-7.27E-01,1,27,1.28%,224.2,1.26%
Prop1(Homeobox)/GHFT1-PROP1.biotin-ChIP-Seq(GSE77302)/Homer,NTAATBNAATTA,1.00E+00,-7.24E-01,1,22,1.05%,182.1,1.02%
T1ISRE(IRF)/ThioMac-Ifnb-Expression/Homer,ACTTTCGTTTCT,1.00E+00,-7.09E-01,1,2,0.10%,14.9,0.08%
Smad3(MAD)/NPC-Smad3-ChIP-Seq(GSE36673)/Homer,TWGTCTGV,1.00E+00,-7.06E-01,1,575,27.35%,4863.9,27.32%
ZNF341(Zf)/EBV-ZNF341-ChIP-Seq(GSE113194)/Homer,GGAACAGCCG,1.00E+00,-7.01E-01,1,173,8.23%,1461.4,8.21%
Pit1(Homeobox)/GCrat-Pit1-ChIP-Seq(GSE58009)/Homer,ATGMATATDC,1.00E+00,-6.93E-01,1,51,2.43%,429.6,2.41%
ZNF692(Zf)/HEK293-ZNF692.GFP-ChIP-Seq(GSE58341)/Homer,GTGGGCCCCA,1.00E+00,-6.92E-01,1,38,1.81%,319.2,1.79%
MyoG(bHLH)/C2C12-MyoG-ChIP-Seq(GSE36024)/Homer,AACAGCTG,1.00E+00,-6.90E-01,1,219,10.42%,1852.1,10.40%
IRF3(IRF)/BMDM-Irf3-ChIP-Seq(GSE67343)/Homer,AGTTTCAKTTTC,1.00E+00,-6.77E-01,1,36,1.71%,303.3,1.70%
Klf9(Zf)/GBM-Klf9-ChIP-Seq(GSE62211)/Homer,GCCACRCCCACY,1.00E+00,-6.77E-01,1,393,18.70%,3328,18.70%
ELF3(ETS)/PDAC-ELF3-ChIP-Seq(GSE64557)/Homer,ANCAGGAAGT,1.00E+00,-6.75E-01,1,193,9.18%,1634.5,9.18%
KLF3(Zf)/MEF-Klf3-ChIP-Seq(GSE44748)/Homer,NRGCCCCRCCCHBNN,1.00E+00,-6.74E-01,1,530,25.21%,4489.9,25.22%
HOXA1(Homeobox)/mES-Hoxa1-ChIP-Seq(SRP084292)/Homer,TGATKGATGR,1.00E+00,-6.62E-01,1,18,0.86%,151.1,0.85%
Sp2(Zf)/HEK293-Sp2.eGFP-ChIP-Seq(Encode)/Homer,YGGCCCCGCCCC,1.00E+00,-6.49E-01,1,1061,50.48%,8992.2,50.51%
ZNF143|STAF(Zf)/CUTLL-ZNF143-ChIP-Seq(GSE29600)/Homer,ATTTCCCAGVAKSCY,1.00E+00,-6.48E-01,1,117,5.57%,993.3,5.58%
Foxo3(Forkhead)/U2OS-Foxo3-ChIP-Seq(E-MTAB-2701)/Homer,DGTAAACA,1.00E+00,-6.42E-01,1,55,2.62%,467.1,2.62%
RORg(NR)/Liver-Rorc-ChIP-Seq(GSE101115)/Homer,WAABTAGGTCAV,1.00E+00,-6.39E-01,1,7,0.33%,58.9,0.33%
Gata6(Zf)/HUG1N-GATA6-ChIP-Seq(GSE51936)/Homer,YCTTATCTBN,1.00E+00,-6.25E-01,1,68,3.24%,579.9,3.26%
MafK(bZIP)/C2C12-MafK-ChIP-Seq(GSE36030)/Homer,GCTGASTCAGCA,1.00E+00,-6.21E-01,1,29,1.38%,247.1,1.39%
TEAD4(TEA)/Tropoblast-Tead4-ChIP-Seq(GSE37350)/Homer,CCWGGAATGY,1.00E+00,-6.18E-01,1,106,5.04%,903.9,5.08%
EWS:ERG-fusion(ETS)/CADO_ES1-EWS:ERG-ChIP-Seq(SRA014231)/Homer,ATTTCCTGTN,1.00E+00,-6.11E-01,1,130,6.18%,1108.3,6.23%
HINFP(Zf)/K562-HINFP.eGFP-ChIP-Seq(Encode)/Homer,TWVGGTCCGC,1.00E+00,-6.09E-01,1,224,10.66%,1907.2,10.71%
Hoxa9(Homeobox)/ChickenMSG-Hoxa9.Flag-ChIP-Seq(GSE86088)/Homer,RGCAATNAAA,1.00E+00,-6.07E-01,1,362,17.22%,3079.7,17.30%
"PPARE(NR),DR1/3T3L1-Pparg-ChIP-Seq(GSE13511)/Homer",TGACCTTTGCCCCA,1.00E+00,-6.04E-01,1,140,6.66%,1194,6.71%
Tlx?(NR)/NPC-H3K4me1-ChIP-Seq(GSE16256)/Homer,CTGGCAGSCTGCCA,1.00E+00,-6.03E-01,1,64,3.04%,547.6,3.08%
"Pax8(Paired,Homeobox)/Thyroid-Pax8-ChIP-Seq(GSE26938)/Homer",GTCATGCHTGRCTGS,1.00E+00,-5.92E-01,1,62,2.95%,531.6,2.99%
DLX5(Homeobox)/BasalGanglia-Dlx5-ChIP-seq(GSE124936)/Homer,SSTAATTA,1.00E+00,-5.91E-01,1,60,2.85%,514.9,2.89%
"RXR(NR),DR1/3T3L1-RXR-ChIP-Seq(GSE13511)/Homer",TAGGGCAAAGGTCA,1.00E+00,-5.85E-01,1,186,8.85%,1588.5,8.92%
"OCT:OCT-short(POU,Homeobox)/NPC-OCT6-ChIP-Seq(GSE43916)/Homer",ATGCATWATGCATRW,1.00E+00,-5.76E-01,1,31,1.47%,267.9,1.50%
DMRT6(DM)/Testis-DMRT6-ChIP-Seq(GSE60440)/Homer,YDGHTACAWTGTADC,1.00E+00,-5.69E-01,1,11,0.52%,95.8,0.54%
"PPARa(NR),DR1/Liver-Ppara-ChIP-Seq(GSE47954)/Homer",VNAGGKCAAAGGTCA,1.00E+00,-5.69E-01,1,150,7.14%,1284.1,7.21%
"HNF4a(NR),DR1/HepG2-HNF4a-ChIP-Seq(GSE25021)/Homer",CARRGKBCAAAGTYCA,1.00E+00,-5.68E-01,1,58,2.76%,499.4,2.81%
"PAX3:FKHR-fusion(Paired,Homeobox)/Rh4-PAX3:FKHR-ChIP-Seq(GSE19063)/Homer",ACCRTGACTAATTNN,1.00E+00,-5.68E-01,1,17,0.81%,147.1,0.83%
Six4(Homeobox)/MCF7-SIX4-ChIP-Seq(Encode)/Homer,TGWAAYCTGABACCB,1.00E+00,-5.66E-01,1,8,0.38%,69.1,0.39%
Znf263(Zf)/K562-Znf263-ChIP-Seq(GSE31477)/Homer,CVGTSCTCCC,1.00E+00,-5.66E-01,1,547,26.02%,4658.1,26.17%
Gata4(Zf)/Heart-Gata4-ChIP-Seq(GSE35151)/Homer,NBWGATAAGR,1.00E+00,-5.65E-01,1,81,3.85%,696.3,3.91%
Nanog(Homeobox)/mES-Nanog-ChIP-Seq(GSE11724)/Homer,RGCCATTAAC,1.00E+00,-5.63E-01,1,614,29.21%,5227.6,29.37%
NF-E2(bZIP)/K562-NFE2-ChIP-Seq(GSE31477)/Homer,GATGACTCAGCA,1.00E+00,-5.57E-01,1,5,0.24%,43.8,0.25%
COUP-TFII(NR)/K562-NR2F1-ChIP-Seq(Encode)/Homer,GKBCARAGGTCA,1.00E+00,-5.46E-01,1,205,9.75%,1756.4,9.87%
"GATA:SCL(Zf,bHLH)/Ter119-SCL-ChIP-Seq(GSE18720)/Homer",CRGCTGBNGNSNNSAGATAA,1.00E+00,-5.45E-01,1,11,0.52%,96.8,0.54%
"NFAT:AP1(RHD,bZIP)/Jurkat-NFATC1-ChIP-Seq(Jolma_et_al.)/Homer",SARTGGAAAAWRTGAGTCAB,1.00E+00,-5.45E-01,1,11,0.52%,96.9,0.54%
Gata2(Zf)/K562-GATA2-ChIP-Seq(GSE18829)/Homer,BBCTTATCTS,1.00E+00,-5.40E-01,1,50,2.38%,433.2,2.43%
KLF1(Zf)/HUDEP2-KLF1-CutnRun(GSE136251)/Homer,VDGGGYGGGGCY,1.00E+00,-5.39E-01,1,809,38.49%,6887.8,38.69%
Pitx1(Homeobox)/Chicken-Pitx1-ChIP-Seq(GSE38910)/Homer,TAATCCCN,1.00E+00,-5.38E-01,1,529,25.17%,4512.8,25.35%
KLF10(Zf)/HEK293-KLF10.GFP-ChIP-Seq(GSE58341)/Homer,GGGGGTGTGTCC,1.00E+00,-5.38E-01,1,284,13.51%,2430,13.65%
TCFL2(HMG)/K562-TCF7L2-ChIP-Seq(GSE29196)/Homer,ACWTCAAAGG,1.00E+00,-5.38E-01,1,8,0.38%,70.9,0.40%
E-box(bHLH)/Promoter/Homer,SSGGTCACGTGA,1.00E+00,-5.37E-01,1,65,3.09%,562.5,3.16%
Srebp1a(bHLH)/HepG2-Srebp1a-ChIP-Seq(GSE31477)/Homer,RTCACSCCAY,1.00E+00,-5.34E-01,1,28,1.33%,244.8,1.37%
Rfx1(HTH)/NPC-H3K4me1-ChIP-Seq(GSE16256)/Homer,KGTTGCCATGGCAA,1.00E+00,-5.34E-01,1,75,3.57%,648.4,3.64%
c-Myc(bHLH)/mES-cMyc-ChIP-Seq(GSE11431)/Homer,VVCCACGTGG,1.00E+00,-5.28E-01,1,95,4.52%,820.6,4.61%
PRDM1(Zf)/Hela-PRDM1-ChIP-Seq(GSE31477)/Homer,ACTTTCACTTTC,1.00E+00,-5.26E-01,1,58,2.76%,503.1,2.83%
JunB(bZIP)/DendriticCells-Junb-ChIP-Seq(GSE36099)/Homer,RATGASTCAT,1.00E+00,-5.20E-01,1,57,2.71%,495.2,2.78%
Atoh1(bHLH)/Cerebellum-Atoh1-ChIP-Seq(GSE22111)/Homer,VNRVCAGCTGGY,1.00E+00,-5.19E-01,1,179,8.52%,1539.6,8.65%
Atf2(bZIP)/3T3L1-Atf2-ChIP-Seq(GSE56872)/Homer,NRRTGACGTCAT,1.00E+00,-5.19E-01,1,129,6.14%,1112.1,6.25%
SPDEF(ETS)/VCaP-SPDEF-ChIP-Seq(SRA014231)/Homer,ASWTCCTGBT,1.00E+00,-5.12E-01,1,297,14.13%,2546.4,14.30%
RFX(HTH)/K562-RFX3-ChIP-Seq(SRA012198)/Homer,CGGTTGCCATGGCAAC,1.00E+00,-5.12E-01,1,59,2.81%,513.8,2.89%
"TR4(NR),DR1/Hela-TR4-ChIP-Seq(GSE24685)/Homer",GAGGTCAAAGGTCA,1.00E+00,-5.06E-01,1,18,0.86%,159.8,0.90%
Stat3(Stat)/mES-Stat3-ChIP-Seq(GSE11431)/Homer,CTTCCGGGAA,1.00E+00,-4.98E-01,1,136,6.47%,1175.3,6.60%
ETV4(ETS)/HepG2-ETV4-ChIP-Seq(ENCODE)/Homer,ACCGGAAGTG,1.00E+00,-4.98E-01,1,556,26.45%,4752.5,26.70%
PU.1-IRF(ETS:IRF)/Bcell-PU.1-ChIP-Seq(GSE21512)/Homer,MGGAAGTGAAAC,1.00E+00,-4.96E-01,1,252,11.99%,2166.3,12.17%
"Pitx1:Ebox(Homeobox,bHLH)/Hindlimb-Pitx1-ChIP-Seq(GSE41591)/Homer",YTAATTRAWWCCAGATGT,1.00E+00,-4.86E-01,1,8,0.38%,72.3,0.41%
EHF(ETS)/LoVo-EHF-ChIP-Seq(GSE49402)/Homer,AVCAGGAAGT,1.00E+00,-4.80E-01,1,376,17.89%,3226.9,18.13%
KLF6(Zf)/PDAC-KLF6-ChIP-Seq(GSE64557)/Homer,MKGGGYGTGGCC,1.00E+00,-4.76E-01,1,725,34.49%,6193.1,34.79%
"Oct4(POU,Homeobox)/mES-Oct4-ChIP-Seq(GSE11431)/Homer",ATTTGCATAW,1.00E+00,-4.68E-01,1,34,1.62%,301.2,1.69%
EAR2(NR)/K562-NR2F6-ChIP-Seq(Encode)/Homer,NRBCARRGGTCA,1.00E+00,-4.67E-01,1,188,8.94%,1625.8,9.13%
Ap4(bHLH)/AML-Tfap4-ChIP-Seq(GSE45738)/Homer,NAHCAGCTGD,1.00E+00,-4.67E-01,1,230,10.94%,1984.5,11.15%
ZNF264(Zf)/HEK293-ZNF264.GFP-ChIP-Seq(GSE58341)/Homer,RGGGCACTAACY,1.00E+00,-4.65E-01,1,127,6.04%,1103.8,6.20%
CTCF(Zf)/CD4+-CTCF-ChIP-Seq(Barski_et_al.)/Homer,AYAGTGCCMYCTRGTGGCCA,1.00E+00,-4.63E-01,1,45,2.14%,397.5,2.23%
Dlx3(Homeobox)/Kerainocytes-Dlx3-ChIP-Seq(GSE89884)/Homer,NDGTAATTAC,1.00E+00,-4.63E-01,1,42,2.00%,371.3,2.09%
Mef2b(MADS)/HEK293-Mef2b.V5-ChIP-Seq(GSE67450)/Homer,GCTATTTTTGGM,1.00E+00,-4.60E-01,1,63,3.00%,553.4,3.11%
JunD(bZIP)/K562-JunD-ChIP-Seq/Homer,ATGACGTCATCN,1.00E+00,-4.51E-01,1,66,3.14%,580.2,3.26%
FOXA1(Forkhead)/LNCAP-FOXA1-ChIP-Seq(GSE27824)/Homer,WAAGTAAACA,1.00E+00,-4.51E-01,1,77,3.66%,675.6,3.80%
HIF-1b(HLH)/T47D-HIF1b-ChIP-Seq(GSE59937)/Homer,RTACGTGC,1.00E+00,-4.42E-01,1,309,14.70%,2664.5,14.97%
Lhx3(Homeobox)/Neuron-Lhx3-ChIP-Seq(GSE31456)/Homer,ADBTAATTAR,1.00E+00,-4.41E-01,1,160,7.61%,1390.2,7.81%
Lhx2(Homeobox)/HFSC-Lhx2-ChIP-Seq(GSE48068)/Homer,TAATTAGN,1.00E+00,-4.41E-01,1,75,3.57%,659.3,3.70%
NeuroG2(bHLH)/Fibroblast-NeuroG2-ChIP-Seq(GSE75910)/Homer,ACCATCTGTT,1.00E+00,-4.41E-01,1,211,10.04%,1827,10.26%
DLX1(Homeobox)/BasalGanglia-Dlx1-ChIP-seq(GSE124936)/Homer,NSNNTAATTA,1.00E+00,-4.34E-01,1,112,5.33%,979.1,5.50%
Gli2(Zf)/GM2-Gli2-ChIP-Chip(GSE112702)/Homer,YSTGGGTGGTCT,1.00E+00,-4.32E-01,1,45,2.14%,400.6,2.25%
TRPS1(Zf)/MCF7-TRPS1-ChIP-Seq(GSE107013)/Homer,AGATAAGANN,1.00E+00,-4.28E-01,1,149,7.09%,1298.6,7.29%
Tcf7(HMG)/GM12878-TCF7-ChIP-Seq(Encode)/Homer,CTTTGATGTGSB,1.00E+00,-4.18E-01,1,27,1.28%,244.7,1.37%
Fra2(bZIP)/Striatum-Fra2-ChIP-Seq(GSE43429)/Homer,GGATGACTCATC,1.00E+00,-4.12E-01,1,49,2.33%,437.3,2.46%
"NFkB-p50,p52(RHD)/Monocyte-p50-ChIP-Chip(Schreiber_et_al.)/Homer",GGGGGAATCCCC,1.00E+00,-4.08E-01,1,26,1.24%,236.6,1.33%
Atf3(bZIP)/GBM-ATF3-ChIP-Seq(GSE33912)/Homer,DATGASTCATHN,1.00E+00,-4.07E-01,1,61,2.90%,542.2,3.05%
RORa(NR)/Liver-Rora-ChIP-Seq(GSE101115)/Homer,AAWCTAGGTCARDNN,1.00E+00,-3.99E-01,1,10,0.48%,94.3,0.53%
E2A(bHLH)/proBcell-E2A-ChIP-Seq(GSE21978)/Homer,DNRCAGCTGY,1.00E+00,-3.92E-01,1,290,13.80%,2514.2,14.12%
NF1(CTF)/LNCAP-NF1-ChIP-Seq(Unpublished)/Homer,CYTGGCABNSTGCCAR,1.00E+00,-3.90E-01,1,71,3.38%,631.8,3.55%
"E2A(bHLH),near_PU.1/Bcell-PU.1-ChIP-Seq(GSE21512)/Homer",NVCACCTGBN,1.00E+00,-3.90E-01,1,239,11.37%,2078.2,11.67%
Zic3(Zf)/mES-Zic3-ChIP-Seq(GSE37889)/Homer,GGCCYCCTGCTGDGH,1.00E+00,-3.89E-01,1,160,7.61%,1400.3,7.87%
Fra1(bZIP)/BT549-Fra1-ChIP-Seq(GSE46166)/Homer,NNATGASTCATH,1.00E+00,-3.87E-01,1,52,2.47%,466.4,2.62%
ZNF519(Zf)/HEK293-ZNF519.GFP-ChIP-Seq(GSE58341)/Homer,GAGSCCGAGC,1.00E+00,-3.86E-01,1,100,4.76%,884,4.97%
PR(NR)/T47D-PR-ChIP-Seq(GSE31130)/Homer,VAGRACAKNCTGTBC,1.00E+00,-3.85E-01,1,267,12.70%,2319.1,13.03%
Eomes(T-box)/H9-Eomes-ChIP-Seq(GSE26097)/Homer,ATTAACACCT,1.00E+00,-3.76E-01,1,211,10.04%,1841.1,10.34%
NFE2L2(bZIP)/HepG2-NFE2L2-ChIP-Seq(Encode)/Homer,AWWWTGCTGAGTCAT,1.00E+00,-3.75E-01,1,3,0.14%,31,0.17%
"Pax7(Paired,Homeobox)/Myoblast-Pax7-ChIP-Seq(GSE25064)/Homer",TAATCAATTA,1.00E+00,-3.75E-01,1,3,0.14%,30.2,0.17%
GSC(Homeobox)/FrogEmbryos-GSC-ChIP-Seq(DRA000576)/Homer,RGGATTAR,1.00E+00,-3.70E-01,1,93,4.42%,825.6,4.64%
Rbpj1(?)/Panc1-Rbpj1-ChIP-Seq(GSE47459)/Homer,HTTTCCCASG,1.00E+00,-3.70E-01,1,229,10.89%,1997.4,11.22%
E2F1(E2F)/Hela-E2F1-ChIP-Seq(GSE22478)/Homer,CWGGCGGGAA,1.00E+00,-3.70E-01,1,157,7.47%,1378.6,7.74%
AP-1(bZIP)/ThioMac-PU.1-ChIP-Seq(GSE21512)/Homer,VTGACTCATC,1.00E+00,-3.69E-01,1,71,3.38%,634.8,3.57%
DMRT1(DM)/Testis-DMRT1-ChIP-Seq(GSE64892)/Homer,TWGHWACAWTGTWDC,1.00E+00,-3.66E-01,1,11,0.52%,106,0.60%
STAT6(Stat)/Macrophage-Stat6-ChIP-Seq(GSE38377)/Homer,TTCCKNAGAA,1.00E+00,-3.64E-01,1,55,2.62%,495.9,2.79%
HIF-1a(bHLH)/MCF7-HIF1a-ChIP-Seq(GSE28352)/Homer,TACGTGCV,1.00E+00,-3.64E-01,1,77,3.66%,687.2,3.86%
FOXA1(Forkhead)/MCF7-FOXA1-ChIP-Seq(GSE26831)/Homer,WAAGTAAACA,1.00E+00,-3.59E-01,1,58,2.76%,522.6,2.94%
STAT4(Stat)/CD4-Stat4-ChIP-Seq(GSE22104)/Homer,NYTTCCWGGAAR,1.00E+00,-3.54E-01,1,133,6.33%,1174.6,6.60%
Jun-AP1(bZIP)/K562-cJun-ChIP-Seq(GSE31477)/Homer,GATGASTCATCN,1.00E+00,-3.51E-01,1,25,1.19%,232.2,1.30%
Phox2a(Homeobox)/Neuron-Phox2a-ChIP-Seq(GSE31456)/Homer,YTAATYNRATTA,1.00E+00,-3.51E-01,1,12,0.57%,115.4,0.65%
Tcfcp2l1(CP2)/mES-Tcfcp2l1-ChIP-Seq(GSE11431)/Homer,NRAACCRGTTYRAACCRGYT,1.00E+00,-3.51E-01,1,26,1.24%,241.5,1.36%
Zfp57(Zf)/H1-ZFP57.HA-ChIP-Seq(GSE115387)/Homer,NANTGCSGCA,1.00E+00,-3.51E-01,1,216,10.28%,1890.1,10.62%
"OCT4-SOX2-TCF-NANOG(POU,Homeobox,HMG)/mES-Oct4-ChIP-Seq(GSE11431)/Homer",ATTTGCATAACAATG,1.00E+00,-3.50E-01,1,7,0.33%,69.6,0.39%
RUNX-AML(Runt)/CD4+-PolII-ChIP-Seq(Barski_et_al.)/Homer,GCTGTGGTTW,1.00E+00,-3.47E-01,1,82,3.90%,733.1,4.12%
"FXR(NR),IR1/Liver-FXR-ChIP-Seq(Chong_et_al.)/Homer",AGGTCANTGACCTB,1.00E+00,-3.44E-01,1,58,2.76%,524,2.94%
KLF5(Zf)/LoVo-KLF5-ChIP-Seq(GSE49402)/Homer,DGGGYGKGGC,1.00E+00,-3.40E-01,1,875,41.63%,7513.4,42.21%
Fli1(ETS)/CD8-FLI-ChIP-Seq(GSE20898)/Homer,NRYTTCCGGH,1.00E+00,-3.40E-01,1,535,25.45%,4622.6,25.97%
Ptf1a(bHLH)/Panc1-Ptf1a-ChIP-Seq(GSE47459)/Homer,ACAGCTGTTN,1.00E+00,-3.40E-01,1,480,22.84%,4153.9,23.33%
Fosl2(bZIP)/3T3L1-Fosl2-ChIP-Seq(GSE56872)/Homer,NATGASTCABNN,1.00E+00,-3.39E-01,1,36,1.71%,331.3,1.86%
GFX(?)/Promoter/Homer,ATTCTCGCGAGA,1.00E+00,-3.38E-01,1,28,1.33%,260,1.46%
Zfp281(Zf)/ES-Zfp281-ChIP-Seq(GSE81042)/Homer,CCCCTCCCCCAC,1.00E+00,-3.37E-01,1,98,4.66%,874.7,4.91%
"RBPJ:Ebox(?,bHLH)/Panc1-Rbpj1-ChIP-Seq(GSE47459)/Homer",GGGRAARRGRMCAGMTG,1.00E+00,-3.33E-01,1,40,1.90%,367.8,2.07%
STAT6(Stat)/CD4-Stat6-ChIP-Seq(GSE22104)/Homer,ABTTCYYRRGAA,1.00E+00,-3.32E-01,1,47,2.24%,429.7,2.41%
IRF2(IRF)/Erythroblas-IRF2-ChIP-Seq(GSE36985)/Homer,GAAASYGAAASY,1.00E+00,-3.31E-01,1,20,0.95%,189.4,1.06%
Hoxc9(Homeobox)/Ainv15-Hoxc9-ChIP-Seq(GSE21812)/Homer,GGCCATAAATCA,1.00E+00,-3.31E-01,1,35,1.67%,323.9,1.82%
ZBTB33(Zf)/GM12878-ZBTB33-ChIP-Seq(GSE32465)/Homer,GGVTCTCGCGAGAAC,1.00E+00,-3.25E-01,1,46,2.19%,421.3,2.37%
EWS:FLI1-fusion(ETS)/SK_N_MC-EWS:FLI1-ChIP-Seq(SRA014231)/Homer,VACAGGAAAT,1.00E+00,-3.24E-01,1,243,11.56%,2129.3,11.96%
"RAR:RXR(NR),DR0/ES-RAR-ChIP-Seq(GSE56893)/Homer",AGGTCAAGGTCA,1.00E+00,-3.14E-01,1,10,0.48%,99.5,0.56%
Otx2(Homeobox)/EpiLC-Otx2-ChIP-Seq(GSE56098)/Homer,NYTAATCCYB,1.00E+00,-3.14E-01,1,64,3.04%,582,3.27%
ZNF382(Zf)/HEK293-ZNF382.GFP-ChIP-Seq(GSE58341)/Homer,GNCTGTASTRNTGBCTCHTT,1.00E+00,-3.11E-01,1,2,0.10%,22.7,0.13%
En1(Homeobox)/SUM149-EN1-ChIP-Seq(GSE120957)/Homer,NDCTAATTAS,1.00E+00,-3.09E-01,1,246,11.70%,2159.8,12.13%
Fos(bZIP)/TSC-Fos-ChIP-Seq(GSE110950)/Homer,NDATGASTCAYN,1.00E+00,-3.09E-01,1,53,2.52%,485.1,2.73%
BATF(bZIP)/Th17-BATF-ChIP-Seq(GSE39756)/Homer,DATGASTCAT,1.00E+00,-3.04E-01,1,62,2.95%,565,3.17%
HLF(bZIP)/HSC-HLF.Flag-ChIP-Seq(GSE69817)/Homer,RTTATGYAAB,1.00E+00,-3.01E-01,1,69,3.28%,627.6,3.53%
Mef2c(MADS)/GM12878-Mef2c-ChIP-Seq(GSE32465)/Homer,DCYAAAAATAGM,1.00E+00,-3.00E-01,1,25,1.19%,237.9,1.34%
FoxL2(Forkhead)/Ovary-FoxL2-ChIP-Seq(GSE60858)/Homer,WWTRTAAACAVG,1.00E+00,-2.91E-01,1,50,2.38%,461.5,2.59%
Smad2(MAD)/ES-SMAD2-ChIP-Seq(GSE29422)/Homer,CTGTCTGG,1.00E+00,-2.86E-01,1,328,15.60%,2871.5,16.13%
MafF(bZIP)/HepG2-MafF-ChIP-Seq(GSE31477)/Homer,HWWGTCAGCAWWTTT,1.00E+00,-2.85E-01,1,10,0.48%,101.4,0.57%
E2F6(E2F)/Hela-E2F6-ChIP-Seq(GSE31477)/Homer,GGCGGGAARN,1.00E+00,-2.83E-01,1,306,14.56%,2683.3,15.07%
"Fox:Ebox(Forkhead,bHLH)/Panc1-Foxa2-ChIP-Seq(GSE47459)/Homer",NNNVCTGWGYAAACASN,1.00E+00,-2.83E-01,1,83,3.95%,754,4.24%
ZFX(Zf)/mES-Zfx-ChIP-Seq(GSE11431)/Homer,AGGCCTRG,1.00E+00,-2.80E-01,1,286,13.61%,2513,14.12%
THRb(NR)/HepG2-THRb.Flag-ChIP-Seq(Encode)/Homer,GGTCACCTGAGGTCA,1.00E+00,-2.78E-01,1,110,5.23%,990.4,5.56%
Unknown-ESC-element(?)/mES-Nanog-ChIP-Seq(GSE11724)/Homer,CACAGCAGGGGG,1.00E+00,-2.74E-01,1,110,5.23%,991.6,5.57%
Bach1(bZIP)/K562-Bach1-ChIP-Seq(GSE31477)/Homer,AWWNTGCTGAGTCAT,1.00E+00,-2.69E-01,1,3,0.14%,34.5,0.19%
PGR(NR)/EndoStromal-PGR-ChIP-Seq(GSE69539)/Homer,AAGAACATWHTGTTC,1.00E+00,-2.68E-01,1,15,0.71%,149.5,0.84%
GATA3(Zf)/iTreg-Gata3-ChIP-Seq(GSE20898)/Homer,AGATAASR,1.00E+00,-2.65E-01,1,110,5.23%,993.3,5.58%
Hoxa13(Homeobox)/ChickenMSG-Hoxa13.Flag-ChIP-Seq(GSE86088)/Homer,CYHATAAAAN,1.00E+00,-2.62E-01,1,228,10.85%,2019,11.34%
BHLHA15(bHLH)/NIH3T3-BHLHB8.HA-ChIP-Seq(GSE119782)/Homer,NAMCAGCTGK,1.00E+00,-2.61E-01,1,203,9.66%,1802.3,10.12%
Smad4(MAD)/ESC-SMAD4-ChIP-Seq(GSE29422)/Homer,VBSYGTCTGG,1.00E+00,-2.60E-01,1,348,16.56%,3052.8,17.15%
Zic2(Zf)/ESC-Zic2-ChIP-Seq(SRP197560)/Homer,CHCAGCRGGRGG,1.00E+00,-2.59E-01,1,140,6.66%,1256.7,7.06%
Tcf12(bHLH)/GM12878-Tcf12-ChIP-Seq(GSE32465)/Homer,VCAGCTGYTG,1.00E+00,-2.59E-01,1,205,9.75%,1820.5,10.23%
NFIL3(bZIP)/HepG2-NFIL3-ChIP-Seq(Encode)/Homer,VTTACGTAAYNNNNN,1.00E+00,-2.57E-01,1,117,5.57%,1056.3,5.93%
Myf5(bHLH)/GM-Myf5-ChIP-Seq(GSE24852)/Homer,BAACAGCTGT,1.00E+00,-2.54E-01,1,130,6.18%,1170.3,6.57%
HIF2a(bHLH)/785_O-HIF2a-ChIP-Seq(GSE34871)/Homer,GCACGTACCC,1.00E+00,-2.53E-01,1,82,3.90%,750.8,4.22%
"bZIP:IRF(bZIP,IRF)/Th17-BatF-ChIP-Seq(GSE39756)/Homer",NAGTTTCABTHTGACTNW,1.00E+00,-2.49E-01,1,29,1.38%,279.1,1.57%
Stat3+il21(Stat)/CD4-Stat3-ChIP-Seq(GSE19198)/Homer,SVYTTCCNGGAARB,1.00E+00,-2.48E-01,1,132,6.28%,1189.6,6.68%
ZEB2(Zf)/SNU398-ZEB2-ChIP-Seq(GSE103048)/Homer,GNMCAGGTGTGC,1.00E+00,-2.48E-01,1,166,7.90%,1485.6,8.35%
"VDR(NR),DR3/GM10855-VDR+vitD-ChIP-Seq(GSE22484)/Homer",ARAGGTCANWGAGTTCANNN,1.00E+00,-2.47E-01,1,19,0.90%,188.5,1.06%
IRF1(IRF)/PBMC-IRF1-ChIP-Seq(GSE43036)/Homer,GAAAGTGAAAGT,1.00E+00,-2.42E-01,1,17,0.81%,170.8,0.96%
Elk1(ETS)/Hela-Elk1-ChIP-Seq(GSE31477)/Homer,HACTTCCGGY,1.00E+00,-2.42E-01,1,434,20.65%,3797.4,21.33%
Six1(Homeobox)/Myoblast-Six1-ChIP-Chip(GSE20150)/Homer,GKVTCADRTTWC,1.00E+00,-2.41E-01,1,28,1.33%,271.7,1.53%
Tbx21(T-box)/GM12878-TBX21-ChIP-Seq(Encode)/Homer,AGGTGTGAAA,1.00E+00,-2.39E-01,1,87,4.14%,797.9,4.48%
HOXA2(Homeobox)/mES-Hoxa2-ChIP-Seq(Donaldson_et_al.)/Homer,GYCATCMATCAT,1.00E+00,-2.36E-01,1,6,0.29%,66.9,0.38%
Hnf6b(Homeobox)/LNCaP-Hnf6b-ChIP-Seq(GSE106305)/Homer,TATTGAYY,1.00E+00,-2.33E-01,1,55,2.62%,515.5,2.90%
HNF1b(Homeobox)/PDAC-HNF1B-ChIP-Seq(GSE64557)/Homer,GTTAATNATTAA,1.00E+00,-2.27E-01,1,9,0.43%,97,0.54%
ZNF669(Zf)/HEK293-ZNF669.GFP-ChIP-Seq(GSE58341)/Homer,GARTGGTCATCGCCC,1.00E+00,-2.25E-01,1,21,1.00%,209.9,1.18%
Tbx5(T-box)/HL1-Tbx5.biotin-ChIP-Seq(GSE21529)/Homer,AGGTGTCA,1.00E+00,-2.19E-01,1,516,24.55%,4510.6,25.34%
ZEB1(Zf)/PDAC-ZEB1-ChIP-Seq(GSE64557)/Homer,VCAGGTRDRY,1.00E+00,-2.18E-01,1,281,13.37%,2491.1,13.99%
Isl1(Homeobox)/Neuron-Isl1-ChIP-Seq(GSE31456)/Homer,CTAATKGV,1.00E+00,-2.13E-01,1,198,9.42%,1775,9.97%
SCRT1(Zf)/HEK293-SCRT1.eGFP-ChIP-Seq(Encode)/Homer,GCAACAGGTG,1.00E+00,-2.13E-01,1,40,1.90%,384.5,2.16%
CHR(?)/Hela-CellCycle-Expression/Homer,SRGTTTCAAA,1.00E+00,-2.13E-01,1,51,2.43%,483.1,2.71%
AP-2gamma(AP2)/MCF7-TFAP2C-ChIP-Seq(GSE21234)/Homer,SCCTSAGGSCAW,1.00E+00,-2.11E-01,1,321,15.27%,2839.3,15.95%
Nrf2(bZIP)/Lymphoblast-Nrf2-ChIP-Seq(GSE37589)/Homer,HTGCTGAGTCAT,1.00E+00,-2.09E-01,1,3,0.14%,37.1,0.21%
DLX2(Homeobox)/BasalGanglia-Dlx2-ChIP-seq(GSE124936)/Homer,NNNTAATTAS,1.00E+00,-2.06E-01,1,117,5.57%,1069.6,6.01%
ISRE(IRF)/ThioMac-LPS-Expression(GSE23622)/Homer,AGTTTCASTTTC,1.00E+00,-2.06E-01,1,8,0.38%,88.2,0.50%
GRHL2(CP2)/HBE-GRHL2-ChIP-Seq(GSE46194)/Homer,AAACYKGTTWDACMRGTTTB,1.00E+00,-1.99E-01,1,35,1.67%,341.4,1.92%
RUNX2(Runt)/PCa-RUNX2-ChIP-Seq(GSE33889)/Homer,NWAACCACADNN,1.00E+00,-1.98E-01,1,85,4.04%,789.5,4.43%
HNF6(Homeobox)/Liver-Hnf6-ChIP-Seq(ERP000394)/Homer,NTATYGATCH,1.00E+00,-1.95E-01,1,39,1.86%,378.5,2.13%
Ascl2(bHLH)/ESC-Ascl2-ChIP-Seq(GSE97712)/Homer,SSRGCAGCTGCH,1.00E+00,-1.94E-01,1,233,11.08%,2085.2,11.71%
CArG(MADS)/PUER-Srf-ChIP-Seq(Sullivan_et_al.)/Homer,CCATATATGGNM,1.00E+00,-1.94E-01,1,37,1.76%,360.4,2.02%
ELF1(ETS)/Jurkat-ELF1-ChIP-Seq(SRA014231)/Homer,AVCCGGAAGT,1.00E+00,-1.93E-01,1,404,19.22%,3562.4,20.01%
Mef2a(MADS)/HL1-Mef2a.biotin-ChIP-Seq(GSE21529)/Homer,CYAAAAATAG,1.00E+00,-1.92E-01,1,28,1.33%,279,1.57%
TEAD2(TEA)/Py2T-Tead2-ChIP-Seq(GSE55709)/Homer,CCWGGAATGY,1.00E+00,-1.88E-01,1,51,2.43%,488.2,2.74%
Unknown(Homeobox)/Limb-p300-ChIP-Seq/Homer,SSCMATWAAA,1.00E+00,-1.87E-01,1,56,2.66%,533.2,3.00%
CEBP:CEBP(bZIP)/MEF-Chop-ChIP-Seq(GSE35681)/Homer,NTNATGCAAYMNNHTGMAAY,1.00E+00,-1.85E-01,1,7,0.33%,80.3,0.45%
Rfx2(HTH)/LoVo-RFX2-ChIP-Seq(GSE49402)/Homer,GTTGCCATGGCAACM,1.00E+00,-1.83E-01,1,56,2.66%,534.8,3.00%
FOXK2(Forkhead)/U2OS-FOXK2-ChIP-Seq(E-MTAB-2204)/Homer,SCHTGTTTACAT,1.00E+00,-1.82E-01,1,46,2.19%,444.6,2.50%
Zic(Zf)/Cerebellum-ZIC1.2-ChIP-Seq(GSE60731)/Homer,CCTGCTGAGH,1.00E+00,-1.79E-01,1,187,8.90%,1691.6,9.50%
CEBP(bZIP)/ThioMac-CEBPb-ChIP-Seq(GSE21512)/Homer,ATTGCGCAAC,1.00E+00,-1.74E-01,1,57,2.71%,545.9,3.07%
CTCF-SatelliteElement(Zf?)/CD4+-CTCF-ChIP-Seq(Barski_et_al.)/Homer,TGCAGTTCCMVNWRTGGCCA,1.00E+00,-1.72E-01,1,2,0.10%,28.4,0.16%
Foxo1(Forkhead)/RAW-Foxo1-ChIP-Seq(Fan_et_al.)/Homer,CTGTTTAC,1.00E+00,-1.68E-01,1,240,11.42%,2157.9,12.12%
RUNX1(Runt)/Jurkat-RUNX1-ChIP-Seq(GSE29180)/Homer,AAACCACARM,1.00E+00,-1.64E-01,1,123,5.85%,1135.5,6.38%
"FOXA1:AR(Forkhead,NR)/LNCAP-AR-ChIP-Seq(GSE27824)/Homer",AGTAAACAAAAAAGAACAND,1.00E+00,-1.64E-01,1,1,0.05%,16.1,0.09%
Tcf21(bHLH)/ArterySmoothMuscle-Tcf21-ChIP-Seq(GSE61369)/Homer,NAACAGCTGG,1.00E+00,-1.63E-01,1,172,8.18%,1566.1,8.80%
Twist(bHLH)/HMLE-TWIST1-ChIP-Seq(Chang_et_al)/Homer,VCAKCTGGNNNCCAGMTGBN,1.00E+00,-1.63E-01,1,14,0.67%,151,0.85%
MYNN(Zf)/HEK293-MYNN.eGFP-ChIP-Seq(Encode)/Homer,TTCAAAWTAAAAGTC,1.00E+00,-1.60E-01,1,12,0.57%,132.7,0.75%
ZNF7(Zf)/HepG2-ZNF7.Flag-ChIP-Seq(Encode)/Homer,CTGCCWVCTTTTRTA,1.00E+00,-1.57E-01,1,53,2.52%,514,2.89%
HEB(bHLH)/mES-Heb-ChIP-Seq(GSE53233)/Homer,VCAGCTGBNN,1.00E+00,-1.54E-01,1,367,17.46%,3264.5,18.34%
SpiB(ETS)/OCILY3-SPIB-ChIP-Seq(GSE56857)/Homer,AAAGRGGAAGTG,1.00E+00,-1.54E-01,1,55,2.62%,532.4,2.99%
COUP-TFII(NR)/Artia-Nr2f2-ChIP-Seq(GSE46497)/Homer,AGRGGTCA,1.00E+00,-1.44E-01,1,246,11.70%,2221.8,12.48%
PBX2(Homeobox)/K562-PBX2-ChIP-Seq(Encode)/Homer,RTGATTKATRGN,1.00E+00,-1.44E-01,1,61,2.90%,589.4,3.31%
TCF4(bHLH)/SHSY5Y-TCF4-ChIP-Seq(GSE96915)/Homer,SMCATCTGKH,1.00E+00,-1.43E-01,1,199,9.47%,1811.2,10.17%
FOXP1(Forkhead)/H9-FOXP1-ChIP-Seq(GSE31006)/Homer,NYYTGTTTACHN,1.00E+00,-1.37E-01,1,28,1.33%,288.4,1.62%
Ets1-distal(ETS)/CD4+-PolII-ChIP-Seq(Barski_et_al.)/Homer,MACAGGAAGT,1.00E+00,-1.37E-01,1,62,2.95%,600.3,3.37%
Etv2(ETS)/ES-ER71-ChIP-Seq(GSE59402)/Homer,NNAYTTCCTGHN,1.00E+00,-1.36E-01,1,323,15.37%,2894.8,16.26%
Bcl6(Zf)/Liver-Bcl6-ChIP-Seq(GSE31578)/Homer,NNNCTTTCCAGGAAA,1.00E+00,-1.36E-01,1,172,8.18%,1578.9,8.87%
Nur77(NR)/K562-NR4A1-ChIP-Seq(GSE31363)/Homer,TGACCTTTNCNT,1.00E+00,-1.31E-01,1,12,0.57%,136.2,0.77%
RORgt(NR)/EL4-RORgt.Flag-ChIP-Seq(GSE56019)/Homer,AAYTAGGTCA,1.00E+00,-1.28E-01,1,7,0.33%,86.1,0.48%
RORgt(NR)/EL4-RORgt.Flag-ChIP-Seq(GSE56019)/Homer,AAYTAGGTCA,1.00E+00,-1.28E-01,1,7,0.33%,86.1,0.48%
AR-halfsite(NR)/LNCaP-AR-ChIP-Seq(GSE27824)/Homer,CCAGGAACAG,1.00E+00,-1.26E-01,1,596,28.35%,5252.2,29.50%
RARa(NR)/K562-RARa-ChIP-Seq(Encode)/Homer,TTGAMCTTTG,1.00E+00,-1.26E-01,1,360,17.13%,3221.9,18.10%
CDX4(Homeobox)/ZebrafishEmbryos-Cdx4.Myc-ChIP-Seq(GSE48254)/Homer,NGYCATAAAWCH,1.00E+00,-1.26E-01,1,76,3.62%,730.2,4.10%
Pdx1(Homeobox)/Islet-Pdx1-ChIP-Seq(SRA008281)/Homer,YCATYAATCA,1.00E+00,-1.25E-01,1,54,2.57%,531.8,2.99%
"PAX5(Paired,Homeobox),condensed/GM12878-PAX5-ChIP-Seq(GSE32465)/Homer",GTCACGCTCSCTGM,1.00E+00,-1.25E-01,1,22,1.05%,234.8,1.32%
MyoD(bHLH)/Myotube-MyoD-ChIP-Seq(GSE21614)/Homer,RRCAGCTGYTSY,1.00E+00,-1.23E-01,1,172,8.18%,1584.8,8.90%
Tbet(T-box)/CD8-Tbet-ChIP-Seq(GSE33802)/Homer,AGGTGTGAAM,1.00E+00,-1.23E-01,1,89,4.23%,848.7,4.77%
ETV1(ETS)/GIST48-ETV1-ChIP-Seq(GSE22441)/Homer,AACCGGAAGT,1.00E+00,-1.21E-01,1,522,24.83%,4621.9,25.96%
Hoxb4(Homeobox)/ES-Hoxb4-ChIP-Seq(GSE34014)/Homer,TGATTRATGGCY,1.00E+00,-1.19E-01,1,10,0.48%,118.6,0.67%
Npas4(bHLH)/Neuron-Npas4-ChIP-Seq(GSE127793)/Homer,NHRTCACGACDN,1.00E+00,-1.16E-01,1,213,10.13%,1948.8,10.95%
Cux2(Homeobox)/Liver-Cux2-ChIP-Seq(GSE35985)/Homer,HNRAATCAAT,1.00E+00,-1.13E-01,1,27,1.28%,284.3,1.60%
Tbx6(T-box)/ESC-Tbx6-ChIP-Seq(GSE93524)/Homer,DAGGTGTBAA,1.00E+00,-1.10E-01,1,122,5.80%,1148.4,6.45%
Hoxd13(Homeobox)/ChickenMSG-Hoxd13.Flag-ChIP-Seq(GSE86088)/Homer,NCYAATAAAA,1.00E+00,-1.10E-01,1,133,6.33%,1246.9,7.00%
Twist2(bHLH)/Myoblast-Twist2.Ty1-ChIP-Seq(GSE127998)/Homer,MCAGCTGBYH,1.00E+00,-1.08E-01,1,252,11.99%,2294.6,12.89%
Atf7(bZIP)/3T3L1-Atf7-ChIP-Seq(GSE56872)/Homer,NGRTGACGTCAY,1.00E+00,-1.07E-01,1,151,7.18%,1407.5,7.91%
CRE(bZIP)/Promoter/Homer,CSGTGACGTCAC,1.00E+00,-1.02E-01,1,158,7.52%,1472.4,8.27%
DUX4(Homeobox)/Myoblasts-DUX4.V5-ChIP-Seq(GSE75791)/Homer,NWTAAYCYAATCAWN,1.00E+00,-9.89E-02,1,1,0.05%,20.2,0.11%
ZNF189(Zf)/HEK293-ZNF189.GFP-ChIP-Seq(GSE58341)/Homer,TGGAACAGMA,1.00E+00,-9.81E-02,1,124,5.90%,1172.2,6.59%
Gfi1b(Zf)/HPC7-Gfi1b-ChIP-Seq(GSE22178)/Homer,MAATCACTGC,1.00E+00,-8.95E-02,1,82,3.90%,800,4.49%
"PAX5(Paired,Homeobox)/GM12878-PAX5-ChIP-Seq(GSE32465)/Homer",GCAGCCAAGCRTGACH,1.00E+00,-8.91E-02,1,79,3.76%,772.1,4.34%
"LXRE(NR),DR4/RAW-LXRb.biotin-ChIP-Seq(GSE21512)/Homer",RGGTTACTANAGGTCA,1.00E+00,-8.57E-02,1,2,0.10%,35.9,0.20%
HIC1(Zf)/Treg-ZBTB29-ChIP-Seq(GSE99889)/Homer,TGCCAGCB,1.00E+00,-8.38E-02,1,469,22.31%,4198.6,23.59%
"Oct11(POU,Homeobox)/NCIH1048-POU2F3-ChIP-seq(GSE115123)/Homer",GATTTGCATA,1.00E+00,-8.26E-02,1,23,1.09%,254.3,1.43%
E2F4(E2F)/K562-E2F4-ChIP-Seq(GSE31477)/Homer,GGCGGGAAAH,1.00E+00,-8.22E-02,1,311,14.80%,2829.3,15.89%
HOXB13(Homeobox)/ProstateTumor-HOXB13-ChIP-Seq(GSE56288)/Homer,TTTTATKRGG,1.00E+00,-8.11E-02,1,95,4.52%,921.2,5.17%
ELF5(ETS)/T47D-ELF5-ChIP-Seq(GSE30407)/Homer,ACVAGGAAGT,1.00E+00,-8.06E-02,1,227,10.80%,2095.5,11.77%
"ERE(NR),IR3/MCF7-ERa-ChIP-Seq(Unpublished)/Homer",VAGGTCACNSTGACC,1.00E+00,-7.93E-02,1,26,1.24%,284.3,1.60%
Foxa2(Forkhead)/Liver-Foxa2-ChIP-Seq(GSE25694)/Homer,CYTGTTTACWYW,1.00E+00,-7.93E-02,1,52,2.47%,529.5,2.97%
EBF2(EBF)/BrownAdipose-EBF2-ChIP-Seq(GSE97114)/Homer,NABTCCCWDGGGAVH,1.00E+00,-7.79E-02,1,150,7.14%,1416.7,7.96%
AP-2alpha(AP2)/Hela-AP2alpha-ChIP-Seq(GSE31477)/Homer,ATGCCCTGAGGC,1.00E+00,-7.48E-02,1,226,10.75%,2091.4,11.75%
ETS1(ETS)/Jurkat-ETS1-ChIP-Seq(GSE17954)/Homer,ACAGGAAGTG,1.00E+00,-7.38E-02,1,410,19.51%,3698.8,20.78%
Elf4(ETS)/BMDM-Elf4-ChIP-Seq(GSE88699)/Homer,ACTTCCKGKT,1.00E+00,-7.25E-02,1,396,18.84%,3578.9,20.10%
ERG(ETS)/VCaP-ERG-ChIP-Seq(GSE14097)/Homer,ACAGGAAGTG,1.00E+00,-7.19E-02,1,477,22.69%,4280,24.04%
"GATA3(Zf),DR8/iTreg-Gata3-ChIP-Seq(GSE20898)/Homer",AGATSTNDNNDSAGATAASN,1.00E+00,-7.02E-02,1,2,0.10%,37.7,0.21%
Foxa3(Forkhead)/Liver-Foxa3-ChIP-Seq(GSE77670)/Homer,BSNTGTTTACWYWGN,1.00E+00,-6.63E-02,1,18,0.86%,210.8,1.18%
EBF1(EBF)/Near-E2A-ChIP-Seq(GSE21512)/Homer,GTCCCCWGGGGA,1.00E+00,-6.59E-02,1,226,10.75%,2099.6,11.79%
CRX(Homeobox)/Retina-Crx-ChIP-Seq(GSE20012)/Homer,GCTAATCC,1.00E+00,-6.52E-02,1,255,12.13%,2355.3,13.23%
SCL(bHLH)/HPC7-Scl-ChIP-Seq(GSE13511)/Homer,AVCAGCTG,1.00E+00,-6.37E-02,1,846,40.25%,7455.5,41.88%
Atf1(bZIP)/K562-ATF1-ChIP-Seq(GSE31477)/Homer,GATGACGTCA,1.00E+00,-6.29E-02,1,194,9.23%,1819.7,10.22%
ZNF416(Zf)/HEK293-ZNF416.GFP-ChIP-Seq(GSE58341)/Homer,WDNCTGGGCA,1.00E+00,-5.79E-02,1,243,11.56%,2257.3,12.68%
Ascl1(bHLH)/NeuralTubes-Ascl1-ChIP-Seq(GSE55840)/Homer,NNVVCAGCTGBN,1.00E+00,-5.55E-02,1,281,13.37%,2594.3,14.57%
ZNF317(Zf)/HEK293-ZNF317.GFP-ChIP-Seq(GSE58341)/Homer,GTCWGCTGTYYCTCT,1.00E+00,-5.54E-02,1,7,0.33%,99.8,0.56%
Foxf1(Forkhead)/Lung-Foxf1-ChIP-Seq(GSE77951)/Homer,WWATRTAAACAN,1.00E+00,-4.80E-02,1,50,2.38%,527.4,2.96%
ZBTB18(Zf)/HEK293-ZBTB18.GFP-ChIP-Seq(GSE58341)/Homer,AACATCTGGA,1.00E+00,-4.77E-02,1,60,2.85%,621.8,3.49%
NFkB-p65(RHD)/GM12787-p65-ChIP-Seq(GSE19485)/Homer,WGGGGATTTCCC,1.00E+00,-4.63E-02,1,63,3.00%,650.8,3.66%
ZNF415(Zf)/HEK293-ZNF415.GFP-ChIP-Seq(GSE58341)/Homer,GRTGMTRGAGCC,1.00E+00,-4.22E-02,1,122,5.80%,1195.8,6.72%
GABPA(ETS)/Jurkat-GABPa-ChIP-Seq(GSE17954)/Homer,RACCGGAAGT,1.00E+00,-4.07E-02,1,415,19.74%,3787.3,21.28%
"Oct2(POU,Homeobox)/Bcell-Oct2-ChIP-Seq(GSE21512)/Homer",ATATGCAAAT,1.00E+00,-3.77E-02,1,15,0.71%,191.8,1.08%
IRF4(IRF)/GM12878-IRF4-ChIP-Seq(GSE32465)/Homer,ACTGAAACCA,1.00E+00,-3.51E-02,1,40,1.90%,441.7,2.48%
RUNX(Runt)/HPC7-Runx1-ChIP-Seq(GSE22178)/Homer,SAAACCACAG,1.00E+00,-3.29E-02,1,82,3.90%,839.8,4.72%
ETS(ETS)/Promoter/Homer,AACCGGAAGT,1.00E+00,-3.28E-02,1,278,13.23%,2601.1,14.61%
STAT1(Stat)/HelaS3-STAT1-ChIP-Seq(GSE12782)/Homer,NATTTCCNGGAAAT,1.00E+00,-3.23E-02,1,34,1.62%,385.6,2.17%
HRE(HSF)/HepG2-HSF1-ChIP-Seq(GSE31477)/Homer,BSTTCTRGAABVTTCYAGAA,1.00E+00,-3.16E-02,1,20,0.95%,246.6,1.39%
Mouse_Recombination_Hotspot(Zf)/Testis-DMC1-ChIP-Seq(GSE24438)/Homer,ACTYKNATTCGTGNTACTTC,1.00E+00,-3.14E-02,1,2,0.10%,45.5,0.26%
STAT5(Stat)/mCD4+-Stat5-ChIP-Seq(GSE12346)/Homer,RTTTCTNAGAAA,1.00E+00,-2.72E-02,1,40,1.90%,448.1,2.52%
NFkB-p65-Rel(RHD)/ThioMac-LPS-Expression(GSE23622)/Homer,GGAAATTCCC,1.00E+00,-2.45E-02,1,5,0.24%,87.5,0.49%
IRF:BATF(IRF:bZIP)/pDC-Irf8-ChIP-Seq(GSE66899)/Homer,CTTTCANTATGACTV,1.00E+00,-2.13E-02,1,3,0.14%,63.5,0.36%
Cdx2(Homeobox)/mES-Cdx2-ChIP-Seq(GSE14586)/Homer,GYMATAAAAH,1.00E+00,-2.10E-02,1,33,1.57%,386.3,2.17%
THRb(NR)/Liver-NR1A2-ChIP-Seq(GSE52613)/Homer,TRAGGTCA,1.00E+00,-2.00E-02,1,592,28.16%,5374.4,30.19%
HRE(HSF)/Striatum-HSF1-ChIP-Seq(GSE38000)/Homer,TTCTAGAABNTTCTA,1.00E+00,-1.81E-02,1,19,0.90%,247.2,1.39%
Brachyury(T-box)/Mesoendoderm-Brachyury-ChIP-exo(GSE54963)/Homer,ANTTMRCASBNNNGTGYKAAN,1.00E+00,-1.69E-02,1,14,0.67%,195.8,1.10%
"Oct4:Sox17(POU,Homeobox,HMG)/F9-Sox17-ChIP-Seq(GSE44553)/Homer",CCATTGTATGCAAAT,1.00E+00,-1.62E-02,1,3,0.14%,66.2,0.37%
THRa(NR)/C17.2-THRa-ChIP-Seq(GSE38347)/Homer,GGTCANYTGAGGWCA,1.00E+00,-1.51E-02,1,57,2.71%,629.4,3.54%
"PAX6(Paired,Homeobox)/Forebrain-Pax6-ChIP-Seq(GSE66961)/Homer",NGTGTTCAVTSAAGCGKAAA,1.00E+00,-8.46E-03,1,6,0.29%,113.1,0.64%
TATA-Box(TBP)/Promoter/Homer,CCTTTTAWAGSC,1.00E+00,-7.99E-03,1,185,8.80%,1842.3,10.35%
PSE(SNAPc)/K562-mStart-Seq/Homer,WAVTCACCMTAASYDAAAAG,1.00E+00,-6.52E-03,1,23,1.09%,309.6,1.74%
Six2(Homeobox)/NephronProgenitor-Six2-ChIP-Seq(GSE39837)/Homer,GWAAYHTGAKMC,1.00E+00,-5.05E-03,1,104,4.95%,1111.9,6.25%
CUX1(Homeobox)/K562-CUX1-ChIP-Seq(GSE92882)/Homer,TATCGATNAN,1.00E+00,-4.38E-03,1,31,1.47%,402,2.26%
PRDM9(Zf)/Testis-DMC1-ChIP-Seq(GSE35498)/Homer,ADGGYAGYAGCATCT,1.00E+00,-3.72E-03,1,49,2.33%,588.8,3.31%
PU.1(ETS)/ThioMac-PU.1-ChIP-Seq(GSE21512)/Homer,AGAGGAAGTG,1.00E+00,-1.45E-03,1,96,4.57%,1074.3,6.04%
ZNF322(Zf)/HEK293-ZNF322.GFP-ChIP-Seq(GSE58341)/Homer,GAGCCTGGTACTGWGCCTGR,1.00E+00,-1.23E-03,1,35,1.67%,469.4,2.64%
NF1-halfsite(CTF)/LNCaP-NF1-ChIP-Seq(Unpublished)/Homer,YTGCCAAG,1.00E+00,-4.39E-04,1,278,13.23%,2811.1,15.79%
DUX(Homeobox)/C2C12-Dux-ChIP-Seq(GSE87279)/Homer,BCWGATTCAATCAAN,1.00E+00,0.00E+00,1,0,0.00%,0.7,0.00%
EBNA1(EBV-virus)/Raji-EBNA1-ChIP-Seq(GSE30709)/Homer,GGYAGCAYDTGCTDCCCNNN,1.00E+00,0.00E+00,1,0,0.00%,19.8,0.11%
"Pax7(Paired,Homeobox),longest/Myoblast-Pax7-ChIP-Seq(GSE25064)/Homer",NTAATTDGCYAATTANNWWD,1.00E+00,0.00E+00,1,0,0.00%,3.7,0.02%
ZFP3(Zf)/HEK293-ZFP3.GFP-ChIP-Seq(GSE58341)/Homer,GGGTTTTGAAGGATGARTAGGAGTT,1.00E+00,0.00E+00,1,0,0.00%,0,0.00%
ZNF528(Zf)/HEK293-ZNF528.GFP-ChIP-Seq(GSE58341)/Homer,AGAAATGACTTCCCT,1.00E+00,0.00E+00,1,0,0.00%,6.6,0.04%
